Matricule;Nom;Prénom;Genre;Date de naissance;Lieu de naissance;Tuteur;Téléphone
ELV-001;BA;Aminata;F;14/02/2014;Dakar;Mariama Ba;770100001
ELV-002;DIALLO;Ousmane;M;03/09/2013;Thiès;Mamadou Diallo;770100002
ELV-003;SOW;Fatou;F;21/11/2014;Kaolack;Awa Sow;770100003
ELV-004;NDIAYE;Moussa;M;08/05/2013;Saint-Louis;Khady Ndiaye;770100004
ELV-005;FALL;Aissatou;F;17/07/2014;Ziguinchor;Alioune Fall;770100005
ELV-006;SECK;Ibrahima;M;29/01/2013;Rufisque;Rokhaya Seck;770100006
ELV-007;DIOP;Khadija;F;12/12/2014;Mbour;Samba Diop;770100007
ELV-008;GUEYE;Cheikh;M;25/03/2013;Louga;Mame Gueye;770100008
ELV-009;NDAO;Mariama;F;06/08/2014;Fatick;Abdou Ndao;770100009
ELV-010;DIA;Babacar;M;19/10/2013;Kolda;Aminata Dia;770100010
ELV-011;BARRY;Hawa;F;04/04/2014;Tambacounda;Oumar Barry;770100011
ELV-012;CISSE;Pape;M;15/06/2013;Bambey;Mariam Cisse;770100012
ELV-013;SY;Ndeye;F;27/09/2014;Dakar;Cheikh Sy;770100013
ELV-014;KANE;Mamadou;M;10/01/2013;Thiès;Khady Kane;770100014
ELV-015;WANE;Adja;F;23/02/2014;Kaolack;Issa Wane;770100015
ELV-016;TOURE;Abdoul;M;30/07/2013;Saint-Louis;Aminata Toure;770100016
ELV-017;NIANG;Fanta;F;11/12/2014;Ziguinchor;Moussa Niang;770100017
ELV-018;DIAW;Moussa;M;22/03/2013;Rufisque;Mariama Diaw;770100018
ELV-019;HANE;Awa;F;09/05/2014;Mbour;Pape Hane;770100019
ELV-020;MBAYE;Seydina;M;18/08/2013;Louga;Aminata Mbaye;770100020
ELV-021;GAYE;Bineta;F;01/11/2014;Fatick;Samba Gaye;770100021
ELV-022;LY;Ilyass;M;14/04/2013;Kolda;Mame Ly;770100022
ELV-023;LO;Keur;F;26/06/2014;Tambacounda;Moussa Lo;770100023
ELV-024;SAMB;Balla;M;07/09/2013;Bambey;Fatou Samb;770100024
ELV-025;THIAM;Rama;F;20/10/2014;Dakar;Ousmane Thiam;770100025
ELV-026;FAYE;Amadou;M;05/02/2013;Thiès;Aissatou Faye;770100026
ELV-027;GNING;Mame;F;13/03/2014;Kaolack;Babacar Gning;770100027
ELV-028;BADJI;Saliou;M;24/07/2013;Ziguinchor;Aminata Badji;770100028
ELV-029;CAMARA;Fama;F;16/11/2014;Rufisque;Mamadou Camara;770100029
ELV-030;DIONE;Oumar;M;02/01/2013;Mbour;Rokhaya Dione;770100030
ELV-031;KEBE;Coumba;F;28/02/2014;Louga;Cheikh Kebe;770100031
ELV-032;MBOUP;Assane;M;09/04/2013;Fatick;Khady Mboup;770100032
ELV-033;DAMBEL;Awa;F;15/05/2014;Kolda;Moussa Dambel;770100033
ELV-034;NGER;Moussa;M;30/08/2013;Tambacounda;Mariam Nger;770100034
ELV-035;NDIAYE;Haby;F;12/09/2014;Bambey;Abdou Ndiaye;770100035
ELV-036;FOFANA;Mame;M;21/12/2013;Dakar;Aminata Fofana;770100036
ELV-037;DIAKHITE;Sokhna;F;03/03/2014;Thiès;Ibrahima Diakhite;770100037
ELV-038;SARR;Cheikh;M;18/06/2013;Kaolack;Mariama Sarr;770100038
ELV-039;GUEYE;Nafy;F;27/07/2014;Saint-Louis;Ousmane Gueye;770100039
ELV-040;BARRO;Mamadou;M;08/10/2013;Ziguinchor;Awa Barro;770100040
ELV-041;KEITA;Aissatou;F;14/01/2014;Rufisque;Moussa Keita;770100041
ELV-042;DIOUF;El Hadji;M;26/04/2013;Mbour;Khady Diouf;770100042
ELV-043;LOPES;Dior;F;11/05/2014;Louga;Samba Lopes;770100043
ELV-044;NGOM;Moussa;M;23/08/2013;Fatick;Mariama Ngom;770100044
ELV-045;SEYDI;Aicha;F;06/10/2014;Kolda;Babacar Seydi;770100045
ELV-046;HASSANE;Ismael;M;17/02/2013;Tambacounda;Aminata Hassane;770100046
ELV-047;MBOW;Ndeye;F;28/03/2014;Bambey;Ibrahima Mbow;770100047
ELV-048;SANÉ;Lamine;M;10/06/2013;Dakar;Fanta Sané;770100048
ELV-049;GADIAGA;Adama;F;19/07/2014;Thiès;Moussa Gadiaga;770100049
ELV-050;WADE;Moustapha;M;01/09/2013;Kaolack;Aminata Wade;770100050
ELV-051;NIAKATE;Rokhaya;F;24/11/2014;Saint-Louis;Cheikh Niakate;770100051
ELV-052;KOMA;Seydina;M;05/12/2013;Ziguinchor;Mariama Koma;770100052
ELV-053;BALDE;Awa;F;13/01/2014;Rufisque;Oumar Balde;770100053
ELV-054;DIOP;Moussa;M;22/02/2013;Mbour;Aminata Diop;770100054
ELV-055;GAYE;Mame Diarra;F;07/04/2014;Louga;Babacar Gaye;770100055
ELV-056;DIA;Mamadou;M;18/05/2013;Fatick;Aissatou Dia;770100056
ELV-057;FALL;Sokhna;F;29/06/2014;Kolda;Ibrahima Fall;770100057
ELV-058;CISSE;Pape;M;09/08/2013;Tambacounda;Mariama Cisse;770100058
ELV-059;DIONE;Fatoumata;F;20/09/2014;Bambey;Moussa Dione;770100059
ELV-060;NDAO;Ousseynou;M;31/10/2013;Dakar;Awa Ndao;770100060
ELV-061;SECK;Aminata;F;02/12/2014;Thiès;Cheikh Seck;770100061
ELV-062;THIAM;Baye;M;13/01/2013;Kaolack;Khady Thiam;770100062
ELV-063;SARR;Bineta;F;25/02/2014;Saint-Louis;Mamadou Sarr;770100063
ELV-064;SOW;Alioune;M;08/04/2013;Ziguinchor;Aissatou Sow;770100064
ELV-065;LY;Khady;F;19/05/2014;Rufisque;Ousmane Ly;770100065
ELV-066;DIALLO;Moussa;M;03/07/2013;Mbour;Mariama Diallo;770100066
ELV-067;FAYE;Ndeye;F;14/08/2014;Louga;Ibrahima Faye;770100067
ELV-068;GNING;Elimane;M;26/09/2013;Fatick;Awa Gning;770100068
ELV-069;BARRO;Aicha;F;07/10/2014;Kolda;Babacar Barro;770100069
ELV-070;KEBE;Mamadou;M;18/11/2013;Tambacounda;Aminata Kebe;770100070
ELV-071;DIOUF;Hawa;F;29/12/2014;Bambey;Samba Diouf;770100071
ELV-072;NGOM;Bamba;M;10/01/2013;Dakar;Mariama Ngom;770100072
ELV-073;BADJI;Rama;F;21/02/2014;Thiès;Moussa Badji;770100073
ELV-074;MBOUP;Amadou;M;04/03/2013;Kaolack;Awa Mboup;770100074
ELV-075;DIAW;Aminata;F;15/04/2014;Saint-Louis;Ibrahima Diaw;770100075
ELV-076;HANE;Oumar;M;27/05/2013;Ziguinchor;Khady Hane;770100076
ELV-077;NIANG;Sokhna;F;08/06/2014;Rufisque;Babacar Niang;770100077
ELV-078;WADE;Moussa;M;19/07/2013;Mbour;Aissatou Wade;770100078
ELV-079;SANÉ;Awa;F;30/08/2014;Louga;Mamadou Sané;770100079
ELV-080;DIONE;Cheikh;M;11/09/2013;Fatick;Mame Dione;770100080
ELV-081;GUEYE;Fatou;F;22/10/2014;Kolda;Ousmane Gueye;770100081
ELV-082;KANE;Baye;M;03/11/2013;Tambacounda;Mariama Kane;770100082
ELV-083;LO;Aminata;F;14/12/2014;Bambey;Ibrahima Lo;770100083
ELV-084;FOFANA;Moussa;M;25/01/2013;Dakar;Awa Fofana;770100084
ELV-085;CAMARA;Rokhaya;F;06/02/2014;Thiès;Mamadou Camara;770100085
ELV-086;SY;Lamine;M;17/03/2013;Kaolack;Khady Sy;770100086
ELV-087;DIAKHITE;Mame;F;28/04/2014;Saint-Louis;Cheikh Diakhite;770100087
ELV-088;SEYDI;Issa;M;09/05/2013;Ziguinchor;Aissatou Seydi;770100088
ELV-089;GADIAGA;Adja;F;20/06/2014;Rufisque;Ousmane Gadiaga;770100089
ELV-090;MBAYE;Mamadou;M;01/07/2013;Mbour;Mariama Mbaye;770100090
ELV-091;BARRY;Ndeye;F;12/08/2014;Louga;Ibrahima Barry;770100091
ELV-092;TOURE;Baba;M;23/09/2013;Fatick;Awa Toure;770100092
ELV-093;DIOP;Aicha;F;04/10/2014;Kolda;Moussa Diop;770100093
ELV-094;NDAO;Seydina;M;15/11/2013;Tambacounda;Mariama Ndao;770100094
ELV-095;SOW;Fatimata;F;26/12/2014;Bambey;Cheikh Sow;770100095
ELV-096;DIALLO;Ousmane;M;07/01/2013;Dakar;Aissatou Diallo;770100096
ELV-097;FALL;Aminata;F;18/02/2014;Thiès;Mamadou Fall;770100097
ELV-098;NDIAYE;Lamine;M;01/03/2013;Kaolack;Khady Ndiaye;770100098
ELV-099;GUEYE;Awa;F;12/04/2014;Saint-Louis;Samba Gueye;770100099
ELV-100;CISSE;Moussa;M;23/05/2013;Ziguinchor;Mariama Cisse;770100100
ELV-101;DIA;Rokhaya;F;04/06/2014;Rufisque;Abdou Dia;770100101
ELV-102;SECK;Baye;M;15/07/2013;Mbour;Aminata Seck;770100102
ELV-103;THIAM;Mame Diarra;F;26/08/2014;Louga;Moussa Thiam;770100103
ELV-104;SARR;Amadou;M;07/09/2013;Fatick;Khady Sarr;770100104
ELV-105;WANE;Aicha;F;18/10/2014;Kolda;Babacar Wane;770100105
ELV-106;DIONE;Cheikh;M;29/11/2013;Tambacounda;Awa Dione;770100106
ELV-107;KANE;Ndeye;F;10/12/2014;Bambey;Ibrahima Kane;770100107
ELV-108;LY;Mamadou;M;21/01/2013;Dakar;Aminata Ly;770100108
ELV-109;FAYE;Sokhna;F;02/02/2014;Thiès;Ousmane Faye;770100109
ELV-110;MBAYE;Balla;M;13/03/2013;Kaolack;Mariama Mbaye;770100110
ELV-111;BARRY;Awa;F;24/04/2014;Saint-Louis;Mamadou Barry;770100111
ELV-112;DIOUF;Moussa;M;05/05/2013;Ziguinchor;Aissatou Diouf;770100112
ELV-113;GAYE;Fatou;F;16/06/2014;Rufisque;Cheikh Gaye;770100113
ELV-114;BADJI;Ibrahima;M;27/07/2013;Mbour;Mariama Badji;770100114
ELV-115;NIANG;Aminata;F;08/08/2014;Louga;Samba Niang;770100115
ELV-116;LO;Moussa;M;19/09/2013;Fatick;Awa Lo;770100116
ELV-117;DIAW;Rama;F;30/10/2014;Kolda;Babacar Diaw;770100117
ELV-118;HANE;Oumar;M;11/11/2013;Tambacounda;Aissatou Hane;770100118
ELV-119;SANÉ;Mame;F;22/12/2014;Bambey;Ibrahima Sané;770100119
ELV-120;DIALLO;Keur;M;03/01/2013;Dakar;Mariama Diallo;770100120
